Year;Month;Day;Hour;Minute;Temperature  [2 m above gnd];Relative Humidity  [2 m above gnd];Mean Sea Level Pressure  [MSL];Total Precipitation  [sfc];Snowfall amount raw  [sfc];Total Cloud Cover  [sfc];High Cloud Cover  [high cld lay];Medium Cloud Cover  [mid cld lay];Low Cloud Cover  [low cld lay];Sunshine Duration  [sfc];Shortwave Radiation  [sfc];Wind Speed  [10 m above gnd];Wind Direction  [10 m above gnd];Wind Speed  [80 m above gnd];Wind Direction  [80 m above gnd];Wind Speed  [900 mb];Wind Direction  [900 mb];Wind Gust  [sfc]
2018;07;04;00;00;25.12;89.00;1013.40;0.00;0.00;27.00;15.00;0.00;27.00;0.00;0.00;24.34;156.47;29.69;157.17;34.16;172.13;35.64
2018;07;04;01;00;24.91;90.00;1013.40;0.00;0.00;90.00;13.00;0.00;90.00;0.00;0.00;24.27;159.15;30.76;159.44;36.12;175.43;36.36
2018;07;04;02;00;25.46;88.00;1013.10;0.00;0.00;100.00;9.00;3.00;100.00;0.00;0.00;24.59;162.10;31.31;162.61;38.18;178.38;33.48
2018;07;04;03;00;25.44;89.00;1012.70;0.00;0.00;100.00;4.00;6.00;100.00;0.00;0.00;24.98;164.96;32.40;165.19;39.96;180.52;30.24
2018;07;04;04;00;25.34;88.00;1012.30;0.00;0.00;100.00;2.00;15.00;100.00;0.00;0.00;25.23;165.96;33.89;167.74;41.07;182.01;28.08
2018;07;04;05;00;24.52;92.00;1012.10;0.00;0.00;99.00;0.00;99.00;10.00;0.00;0.00;24.45;166.37;33.39;168.81;42.13;181.47;35.28
2018;07;04;06;00;24.76;90.00;1012.30;0.00;0.00;100.00;0.00;100.00;22.00;0.00;0.00;23.40;165.75;32.76;167.95;43.20;180.00;35.28
2018;07;04;07;00;24.17;97.00;1013.10;0.00;0.00;27.00;1.00;0.00;27.00;11.42;0.89;20.38;162.53;30.74;166.45;40.81;184.55;25.20
2018;07;04;08;00;26.70;84.00;1013.40;0.00;0.00;18.00;0.00;0.00;18.00;48.51;121.04;21.41;163.39;28.04;167.39;40.72;182.53;28.80
2018;07;04;09;00;29.11;71.00;1014.20;0.00;0.00;1.80;6.00;0.00;0.00;58.85;320.40;23.59;164.05;28.82;167.01;39.97;181.03;27.36
2018;07;04;10;00;31.04;60.00;1014.20;0.00;0.00;2.00;6.00;2.00;0.00;58.72;505.52;24.83;163.14;28.73;164.74;39.60;180.00;28.80
2018;07;04;11;00;32.68;52.00;1014.20;0.00;0.00;1.50;5.00;0.00;0.00;59.04;662.16;24.94;159.73;27.81;158.75;37.80;179.45;28.08
2018;07;04;12;00;33.97;48.00;1013.90;0.00;0.00;6.00;2.00;6.00;0.00;56.17;786.76;25.44;153.07;28.22;150.16;36.06;176.57;27.00
2018;07;04;13;00;34.74;45.00;1013.30;0.00;0.00;7.00;1.00;7.00;0.00;55.53;867.75;26.76;146.52;30.53;142.18;33.03;163.54;26.64
2018;07;04;14;00;35.12;45.00;1013.20;0.00;0.00;8.00;0.00;8.00;0.00;54.89;898.90;27.84;139.72;32.59;135.90;32.36;159.15;27.72
2018;07;04;15;00;35.04;45.00;1013.00;0.00;0.00;0.90;3.00;0.00;0.00;59.43;879.32;29.28;136.49;34.90;132.91;33.09;157.62;28.80
2018;07;04;16;00;34.52;47.00;1012.90;0.00;0.00;6.60;22.00;0.00;0.00;55.79;808.12;30.30;133.56;35.73;130.91;34.62;154.77;25.92
2018;07;04;17;00;33.80;49.00;1013.00;0.00;0.00;7.50;25.00;0.00;6.00;55.21;695.09;30.32;132.59;36.04;129.73;35.79;156.27;30.60
2018;07;04;18;00;32.65;54.00;1012.90;0.00;0.00;12.00;27.00;8.00;12.00;52.34;542.01;29.57;132.04;34.30;129.04;35.03;157.65;30.60
2018;07;04;19;00;31.22;59.00;1013.00;0.00;0.00;19.20;64.00;12.00;8.00;47.74;361.34;28.86;130.45;33.85;128.09;33.03;159.59;30.24
2018;07;04;20;00;29.33;67.00;1013.80;0.00;0.00;56.00;100.00;56.00;3.00;10.22;159.31;27.66;128.66;32.77;125.61;30.93;155.22;31.32
2018;07;04;21;00;27.81;75.00;1014.40;0.00;0.00;100.00;100.00;100.00;0.00;0.00;10.68;24.99;131.50;30.15;130.16;29.32;155.32;30.96
2018;07;04;22;00;27.11;79.00;1015.20;0.00;0.00;100.00;100.00;100.00;0.00;0.00;0.00;24.20;133.19;28.77;135.51;29.32;155.32;28.44
2018;07;04;23;00;26.78;81.00;1015.60;0.00;0.00;100.00;100.00;100.00;0.00;0.00;0.00;23.42;136.25;28.08;139.16;30.27;154.65;27.00
2018;07;05;00;00;26.57;81.00;1016.00;0.00;0.00;100.00;100.00;100.00;0.00;0.00;0.00;22.69;138.22;26.01;138.37;29.80;151.89;28.08
2018;07;05;01;00;26.41;82.00;1015.90;0.00;0.00;100.00;100.00;100.00;0.00;0.00;0.00;20.75;141.34;25.13;141.98;30.91;153.73;27.36
2018;07;05;02;00;26.24;83.00;1015.60;0.00;0.00;100.00;100.00;100.00;0.00;0.00;0.00;20.19;140.06;25.57;144.74;32.06;155.45;22.68
2018;07;05;03;00;26.08;84.00;1015.50;0.00;0.00;100.00;100.00;100.00;0.00;0.00;0.00;21.13;134.31;26.48;136.10;31.89;151.70;21.24
2018;07;05;04;00;25.96;84.00;1015.70;0.00;0.00;100.00;100.00;100.00;0.00;0.00;0.00;21.17;131.55;27.30;131.26;30.46;147.06;22.32
2018;07;05;05;00;25.85;84.00;1015.80;0.00;0.00;100.00;100.00;100.00;0.00;0.00;0.00;21.13;134.31;29.53;135.99;30.95;146.86;21.24
2018;07;05;06;00;25.70;83.00;1015.90;0.00;0.00;100.00;100.00;100.00;0.00;0.00;0.00;20.62;135.71;27.66;141.34;29.27;148.07;21.96
2018;07;05;07;00;26.17;77.00;1017.20;0.00;0.00;100.00;100.00;100.00;0.00;0.00;0.89;20.12;132.83;25.72;136.70;31.61;149.93;21.60
2018;07;05;08;00;27.76;70.00;1017.30;0.00;0.00;100.00;100.00;100.00;0.00;0.00;91.67;20.62;134.29;24.44;136.19;30.19;149.15;23.04
2018;07;05;09;00;28.87;64.00;1017.90;0.00;0.00;100.00;100.00;100.00;0.00;0.00;210.04;21.38;135.00;23.68;134.38;28.66;147.31;24.12
2018;07;05;10;00;29.70;61.00;1018.10;0.00;0.00;100.00;100.00;100.00;0.00;0.00;323.96;21.17;131.55;23.28;129.35;27.26;146.31;23.40
2018;07;05;11;00;30.08;58.00;1018.10;0.00;0.00;100.00;100.00;100.00;10.00;0.00;359.56;19.59;126.03;21.87;122.91;23.36;146.31;21.24
2018;07;05;12;00;31.23;55.00;1018.10;0.00;0.00;100.00;100.00;100.00;10.00;0.00;488.61;18.40;120.58;19.65;118.44;18.78;147.53;19.44
2018;07;05;13;00;32.28;51.00;1017.50;0.00;0.00;67.00;100.00;67.00;10.00;17.23;705.77;18.68;115.08;20.77;115.68;18.50;127.09;18.72
2018;07;05;14;00;30.99;53.00;1017.70;0.00;0.00;33.00;100.00;33.00;33.00;38.94;631.90;18.45;107.02;19.83;105.80;15.99;121.18;16.92
2018;07;05;15;00;32.57;49.00;1017.60;0.00;0.00;30.00;100.00;8.00;10.00;40.85;539.34;19.42;100.68;21.08;97.85;16.52;110.41;17.64
2018;07;05;16;00;32.44;50.00;1017.60;0.00;0.00;30.00;100.00;6.00;10.00;40.85;708.44;21.79;97.59;24.22;95.12;18.00;101.53;16.92
2018;07;05;17;00;30.06;58.00;1018.20;0.10;0.00;77.00;100.00;77.00;77.00;10.85;256.32;23.32;98.88;26.88;97.70;18.94;98.75;20.52
2018;07;05;18;00;29.65;60.00;1018.20;0.10;0.00;86.00;44.00;86.00;69.00;5.11;245.64;22.38;101.13;26.05;101.15;18.89;97.67;21.60
2018;07;05;19;00;29.20;62.00;1018.40;0.00;0.00;43.00;7.00;43.00;10.00;32.55;208.26;20.97;101.89;23.94;102.15;17.34;94.76;20.88
2018;07;05;20;00;28.19;67.00;1018.80;0.00;0.00;48.00;5.00;48.00;10.00;12.35;140.62;19.21;102.99;22.18;103.13;16.92;90.00;19.80
2018;07;05;21;00;26.97;73.00;1019.20;0.00;0.00;52.00;2.00;52.00;10.00;0.00;11.57;15.89;103.09;19.65;103.78;15.86;87.40;16.56
2018;07;05;22;00;26.37;77.00;1019.70;0.00;0.00;44.00;2.00;44.00;0.00;0.00;0.00;13.36;104.04;17.11;104.62;14.78;87.21;12.96
2018;07;05;23;00;25.81;80.00;1020.10;0.00;0.00;34.00;1.00;34.00;0.00;0.00;0.00;11.87;104.04;16.77;104.93;14.76;90.00;10.80
2018;07;06;00;00;25.31;82.00;1020.50;0.00;0.00;78.00;3.00;78.00;0.00;0.00;0.00;10.04;104.53;14.35;107.53;12.96;90.00;9.00
2018;07;06;01;00;24.82;84.00;1020.50;0.00;0.00;70.00;0.00;70.00;0.00;0.00;0.00;8.12;102.80;11.84;109.54;11.18;93.69;7.20
2018;07;06;02;00;24.65;85.00;1020.30;0.00;0.00;65.00;0.00;65.00;0.00;0.00;0.00;6.52;96.34;8.77;109.18;9.39;94.40;6.12
2018;07;06;03;00;24.51;85.00;1020.10;0.00;0.00;67.00;0.00;67.00;0.00;0.00;0.00;4.69;85.60;5.86;100.62;7.57;92.73;4.68
2018;07;06;04;00;24.25;86.00;1019.90;0.00;0.00;72.00;0.00;72.00;0.00;0.00;0.00;3.60;53.13;3.42;71.57;5.76;90.00;4.68
2018;07;06;05;00;23.99;87.00;1019.60;0.00;0.00;79.00;2.00;79.00;0.00;0.00;0.00;4.10;15.26;4.10;15.26;4.45;75.96;4.32
2018;07;06;06;00;23.53;90.00;1019.40;0.00;0.00;91.00;18.00;91.00;2.00;0.00;0.00;5.41;356.19;6.92;351.03;3.60;53.13;5.04
2018;07;06;07;00;24.14;87.00;1019.90;0.00;0.00;12.00;10.00;12.00;0.00;13.31;0.89;3.40;212.01;5.35;199.65;5.48;156.80;5.04
2018;07;06;08;00;26.57;76.00;1019.80;0.00;0.00;17.00;21.00;17.00;2.00;49.15;120.15;5.24;254.05;6.64;257.47;2.62;195.95;5.76
2018;07;06;09;00;28.51;65.00;1019.80;0.00;0.00;10.00;31.00;10.00;2.00;53.62;314.17;6.13;266.63;6.85;273.01;2.16;270.00;5.76
2018;07;06;10;00;30.10;56.00;1019.60;0.00;0.00;42.00;21.00;42.00;3.00;33.19;496.62;5.80;299.74;5.50;301.61;3.56;315.00;4.32
2018;07;06;11;00;31.59;50.00;1019.30;0.00;0.00;44.00;6.00;44.00;3.00;31.91;650.59;6.12;331.93;5.82;338.20;6.13;319.76;5.04
2018;07;06;12;00;32.97;45.00;1018.90;0.00;0.00;55.00;42.00;55.00;12.00;24.89;772.52;7.57;2.73;7.42;14.04;7.97;341.57;6.84
2018;07;06;13;00;31.52;48.00;1018.70;0.20;0.00;100.00;63.00;100.00;80.00;0.00;347.10;9.50;24.62;10.23;39.29;9.39;355.60;9.00
2018;07;06;14;00;31.42;48.00;1018.40;0.20;0.00;100.00;88.00;100.00;80.00;0.00;243.86;10.59;35.31;11.46;43.73;10.44;360.00;10.44
2018;07;06;15;00;31.12;49.00;1018.30;0.30;0.00;100.00;100.00;100.00;87.00;0.00;231.40;10.95;43.67;12.39;54.46;10.95;9.46;11.52
2018;07;06;16;00;30.53;52.00;1018.00;0.50;0.00;100.00;100.00;100.00;74.00;0.00;186.90;11.53;51.34;12.56;62.70;11.28;16.70;12.60
2018;07;06;17;00;30.02;54.00;1017.80;0.50;0.00;100.00;100.00;100.00;85.00;0.00;146.85;11.12;60.95;12.41;73.14;10.64;23.96;13.32
2018;07;06;18;00;29.45;57.00;1017.60;0.40;0.00;100.00;100.00;100.00;89.00;0.00;114.81;10.59;72.18;11.97;83.09;9.34;27.55;13.32
2018;07;06;19;00;28.84;60.00;1017.60;0.40;0.00;100.00;100.00;100.00;92.00;0.00;74.76;9.75;85.76;11.57;95.36;8.09;32.28;11.88
2018;07;06;20;00;28.13;64.00;1017.70;0.00;0.00;100.00;100.00;100.00;0.00;0.00;37.38;8.67;94.76;10.48;105.95;7.17;17.53;10.08
2018;07;06;21;00;26.92;71.00;1018.20;0.00;0.00;100.00;100.00;100.00;0.00;0.00;6.23;7.17;107.53;9.98;115.64;7.64;8.13;7.56
2018;07;06;22;00;26.31;75.00;1018.30;0.00;0.00;100.00;59.00;100.00;0.00;0.00;0.00;6.41;128.16;8.91;133.36;6.84;360.00;6.84
2018;07;06;23;00;25.71;79.00;1018.40;0.00;0.00;82.00;66.00;82.00;4.00;0.00;0.00;6.30;149.04;10.31;155.22;5.15;347.91;6.48
2018;07;07;00;00;25.40;82.00;1018.40;0.00;0.00;99.00;76.00;99.00;0.00;0.00;0.00;7.24;174.29;11.89;178.26;5.35;317.73;6.12
2018;07;07;01;00;25.01;84.00;1018.10;0.00;0.00;84.00;72.00;84.00;0.00;0.00;0.00;8.05;190.30;13.36;194.04;7.10;300.47;13.32
2018;07;07;02;00;24.68;87.00;1017.80;0.00;0.00;87.00;76.00;87.00;0.00;0.00;0.00;8.85;206.57;14.97;207.18;9.83;293.75;15.48
2018;07;07;03;00;24.43;88.00;1017.40;0.00;0.00;82.00;73.00;82.00;1.00;0.00;0.00;9.79;216.03;16.78;215.39;12.57;293.63;16.20
2018;07;07;04;00;24.03;90.00;1017.10;0.00;0.00;61.00;59.00;61.00;2.00;0.00;0.00;9.93;223.53;17.38;219.96;14.34;298.50;16.20
2018;07;07;05;00;23.57;93.00;1016.70;0.00;0.00;14.00;41.00;14.00;0.00;0.00;0.00;10.46;229.18;17.32;223.32;15.99;305.84;16.56
2018;07;07;06;00;22.92;96.00;1016.50;0.00;0.00;16.00;11.00;16.00;0.00;0.00;0.00;10.09;235.18;16.30;226.79;17.06;314.14;15.48
2018;07;07;07;00;23.61;91.00;1016.20;0.00;0.00;7.00;6.00;7.00;0.00;13.75;0.89;8.76;189.46;15.27;188.13;5.35;317.73;14.40
2018;07;07;08;00;26.62;76.00;1016.50;0.00;0.00;10.00;8.00;10.00;0.00;53.62;118.37;9.47;188.75;12.07;190.30;6.49;326.31;14.04
2018;07;07;09;00;28.72;66.00;1016.80;0.00;0.00;5.00;5.00;5.00;0.00;56.81;312.39;10.54;187.85;12.65;184.90;6.29;336.37;10.08
2018;07;07;10;00;29.03;63.00;1016.20;0.20;0.00;86.00;8.00;86.00;86.00;5.11;400.50;9.73;177.88;11.93;174.81;5.15;347.91;8.28
2018;07;07;11;00;29.20;62.00;1016.20;0.70;0.00;100.00;6.00;100.00;100.00;0.00;250.98;9.45;162.26;11.84;160.46;4.33;4.76;10.80
2018;07;07;12;00;29.33;62.00;1016.50;1.10;0.00;83.00;5.00;83.00;83.00;7.02;175.33;9.26;166.50;12.07;162.65;1.94;338.20;9.36
2018;07;07;13;00;29.44;61.00;1016.20;1.10;0.00;95.00;5.00;95.00;95.00;0.00;210.93;8.47;167.74;11.04;160.97;1.80;270.00;8.28
2018;07;07;14;00;29.49;61.00;1015.90;1.10;0.00;100.00;5.00;98.00;100.00;0.00;205.59;8.12;167.20;10.70;160.35;2.41;243.43;7.20
2018;07;07;15;00;29.51;61.00;1015.70;1.10;0.00;100.00;4.00;98.00;100.00;0.00;201.14;7.42;165.96;10.37;159.68;3.32;220.60;6.12
2018;07;07;16;00;29.37;62.00;1015.00;1.20;0.00;100.00;4.00;100.00;84.00;0.00;188.68;7.57;154.65;10.14;152.53;3.71;209.05;5.76
2018;07;07;17;00;29.27;63.00;1015.00;1.20;0.00;100.00;3.00;100.00;97.00;0.00;160.20;7.90;149.93;10.81;150.02;4.21;199.98;6.12
2018;07;07;18;00;29.00;65.00;1014.90;1.20;0.00;100.00;6.00;100.00;100.00;0.00;118.37;9.02;151.39;11.92;151.11;5.69;198.43;6.84
2018;07;07;19;00;28.60;68.00;1014.90;0.70;0.00;100.00;10.00;100.00;93.00;0.00;80.10;9.83;151.56;13.36;152.74;7.09;203.96;7.92
2018;07;07;20;00;27.98;72.00;1015.10;0.50;0.00;17.00;13.00;17.00;3.00;20.54;67.64;10.16;157.07;14.04;157.38;7.99;215.84;8.28
2018;07;07;21;00;26.52;80.00;1015.30;0.00;0.00;7.00;5.00;7.00;0.00;0.00;11.57;10.50;157.83;15.84;158.68;7.90;223.15;10.44
2018;07;07;22;00;25.81;85.00;1015.70;0.00;0.00;7.00;6.00;7.00;0.00;0.00;0.00;11.38;161.57;17.65;163.41;8.67;228.37;10.44
2018;07;07;23;00;25.30;88.00;1015.90;0.00;0.00;4.00;4.00;4.00;0.00;0.00;0.00;12.31;164.74;20.00;166.46;9.42;226.55;11.52
2018;07;08;00;00;24.97;91.00;1016.30;0.00;0.00;1.00;2.00;1.00;0.00;0.00;0.00;13.49;170.79;21.90;170.54;10.44;226.40;10.44
2018;07;08;01;00;24.68;92.00;1016.00;0.00;0.00;3.00;0.00;3.00;0.00;0.00;0.00;13.72;175.49;22.75;175.46;12.03;231.07;18.72
2018;07;08;02;00;24.42;94.00;1015.80;0.00;0.00;6.00;0.00;6.00;0.00;0.00;0.00;14.40;180.00;23.76;180.00;12.68;235.41;14.04
2018;07;08;03;00;24.15;95.00;1015.60;0.00;0.00;7.00;0.00;7.00;0.00;0.00;0.00;14.08;184.40;23.07;182.68;13.36;242.74;16.92
2018;07;08;04;00;23.85;97.00;1015.70;0.00;0.00;9.00;0.00;9.00;0.00;0.00;0.00;13.76;186.01;23.47;184.40;13.24;247.62;10.80
2018;07;08;05;00;23.68;97.00;1015.60;0.00;0.00;10.00;0.00;5.00;10.00;0.00;0.00;13.08;187.91;22.78;185.44;12.52;251.57;19.08
2018;07;08;06;00;24.14;94.00;1015.40;0.10;0.00;75.00;0.00;75.00;75.00;0.00;0.00;13.08;187.91;22.42;185.53;10.93;252.76;10.08
2018;07;08;07;00;25.66;81.00;1015.60;0.00;0.00;100.00;0.00;100.00;0.00;0.00;0.00;17.78;158.63;25.28;160.02;25.33;174.29;17.64
2018;07;08;08;00;27.03;75.00;1015.60;0.00;0.00;100.00;0.00;100.00;0.00;0.00;65.86;19.13;160.20;25.62;162.84;26.30;177.65;19.44
2018;07;08;09;00;29.04;66.00;1016.40;0.00;0.00;100.00;0.00;100.00;0.00;0.00;238.52;21.29;161.26;26.65;163.52;27.01;178.47;23.04
2018;07;08;10;00;30.67;58.00;1016.20;0.00;0.00;7.00;0.00;7.00;0.00;55.53;486.83;22.43;161.27;25.86;163.84;28.80;179.28;24.12
2018;07;08;11;00;32.03;52.00;1016.20;0.00;0.00;6.00;0.00;6.00;0.00;56.17;659.49;24.02;160.75;27.90;160.40;31.33;178.68;26.28
2018;07;08;12;00;33.12;47.00;1016.10;0.00;0.00;10.00;2.00;0.00;10.00;53.62;752.05;25.73;162.07;29.62;159.36;32.33;172.32;27.72
2018;07;08;13;00;33.84;44.00;1015.70;0.00;0.00;10.00;3.00;0.00;10.00;53.62;818.80;26.76;160.35;30.96;156.71;31.78;175.45;28.44
2018;07;08;14;00;34.25;42.00;1015.40;0.00;0.00;10.00;2.00;0.00;10.00;53.62;849.06;26.94;157.20;31.39;153.43;31.88;173.52;28.80
2018;07;08;15;00;34.53;41.00;1014.90;0.00;0.00;12.00;5.00;12.00;12.00;52.34;830.37;27.06;154.80;31.80;149.37;32.56;174.29;28.80
2018;07;08;16;00;33.52;44.00;1014.90;0.00;0.00;52.00;8.00;52.00;52.00;26.81;611.43;27.69;153.77;33.40;149.57;33.91;176.35;29.52
2018;07;08;17;00;33.73;43.00;1014.60;0.00;0.00;10.00;9.00;0.00;10.00;53.62;469.92;28.98;153.43;34.83;150.26;34.59;177.61;30.60
2018;07;08;18;00;32.78;46.00;1014.50;0.00;0.00;36.00;10.00;36.00;36.00;37.02;473.48;28.82;152.47;35.46;150.83;35.14;173.53;29.52
2018;07;08;19;00;32.07;49.00;1015.10;0.00;0.00;2.70;9.00;0.00;0.00;58.28;325.74;28.99;151.84;36.58;151.16;36.71;172.11;29.52
2018;07;08;20;00;30.43;56.00;1015.50;0.00;0.00;3.90;13.00;0.00;0.00;23.93;167.32;28.22;150.16;36.72;151.93;37.58;170.63;29.16
2018;07;08;21;00;28.84;64.00;1016.40;0.00;0.00;3.90;13.00;0.00;0.00;0.00;11.57;27.11;149.69;37.51;153.19;38.13;169.11;29.16
2018;07;08;22;00;27.91;70.00;1016.80;0.00;0.00;4.20;14.00;0.00;0.00;0.00;0.00;26.89;152.06;37.72;156.37;38.65;170.89;28.80
2018;07;08;23;00;27.27;74.00;1017.30;0.00;0.00;4.80;16.00;0.00;0.00;0.00;0.00;26.41;154.13;37.71;159.32;39.56;172.68;28.44
2018;07;09;00;00;26.77;78.00;1017.70;0.00;0.00;6.30;21.00;0.00;0.00;0.00;0.00;25.54;158.50;36.90;162.98;40.99;172.94;28.08
2018;07;09;01;00;26.35;80.00;1017.70;0.00;0.00;7.20;24.00;0.00;0.00;0.00;0.00;24.70;161.30;35.19;166.39;40.78;171.37;30.96
2018;07;09;02;00;25.93;82.00;1017.80;0.00;0.00;7.20;24.00;0.00;0.00;0.00;0.00;23.00;162.70;33.27;166.87;39.83;167.47;29.88
2018;07;09;03;00;25.52;84.00;1017.70;0.00;0.00;5.40;18.00;0.00;0.00;0.00;0.00;21.07;163.11;31.21;168.69;38.07;166.88;28.44
2018;07;09;04;00;25.11;86.00;1017.60;0.00;0.00;6.60;22.00;0.00;0.00;0.00;0.00;20.27;160.28;28.83;164.05;36.06;165.55;21.60
2018;07;09;05;00;24.82;87.00;1017.40;0.00;0.00;4.80;16.00;0.00;0.00;0.00;0.00;20.15;161.24;29.62;163.77;36.64;169.24;21.60
2018;07;09;06;00;24.49;89.00;1017.40;0.00;0.00;3.30;11.00;0.00;0.00;0.00;0.00;18.67;160.87;27.85;165.78;37.02;172.74;20.16
2018;07;09;07;00;24.71;88.00;1017.60;0.00;0.00;100.00;100.00;100.00;0.00;0.00;0.89;17.32;159.30;22.55;163.30;36.76;171.55;23.76
2018;07;09;08;00;26.83;78.00;1017.80;0.00;0.00;100.00;100.00;100.00;0.00;0.00;91.67;18.03;153.95;20.66;157.46;34.74;169.85;25.20
2018;07;09;09;00;28.67;69.00;1018.80;0.00;0.00;100.00;100.00;100.00;0.00;0.00;222.50;20.50;149.38;21.92;150.49;32.57;166.58;24.12
2018;07;09;10;00;29.68;64.00;1019.30;0.00;0.00;100.00;100.00;100.00;0.00;0.00;323.07;22.47;144.78;23.69;143.65;32.33;161.16;25.92
2018;07;09;11;00;30.47;60.00;1019.00;0.00;0.00;100.00;100.00;100.00;0.00;0.00;403.17;24.57;140.95;26.83;139.90;33.56;157.29;27.72
2018;07;09;12;00;31.10;57.00;1019.20;0.00;0.00;100.00;100.00;100.00;10.00;0.00;488.61;27.03;131.76;28.82;131.46;33.22;150.10;29.88
2018;07;09;13;00;31.79;52.00;1019.60;0.00;0.00;100.00;100.00;100.00;10.00;0.00;601.64;29.35;123.50;32.06;118.87;34.63;133.32;30.96
2018;07;09;14;00;32.44;49.00;1019.10;0.00;0.00;62.00;48.00;62.00;10.00;20.43;770.74;30.57;122.01;33.82;117.93;36.71;131.82;31.68
2018;07;09;15;00;32.58;47.00;1018.70;0.00;0.00;23.00;12.00;23.00;10.00;45.32;822.36;29.46;125.05;33.28;121.28;35.38;135.41;30.96
2018;07;09;16;00;32.65;47.00;1018.10;0.00;0.00;7.00;5.00;7.00;0.00;55.53;801.00;27.61;129.71;31.47;125.69;32.68;139.47;29.52
2018;07;09;17;00;32.42;48.00;1017.70;0.00;0.00;4.00;4.00;4.00;0.00;57.45;696.87;25.72;133.30;29.52;127.57;30.10;143.27;28.08
2018;07;09;18;00;31.89;50.00;1017.60;0.00;0.00;0.30;1.00;0.00;0.00;59.81;544.68;23.93;133.78;26.65;128.42;27.76;146.10;26.64
2018;07;09;19;00;30.91;54.00;1018.20;0.00;0.00;0.00;0.00;0.00;0.00;60.00;356.00;22.16;133.03;24.70;126.70;26.30;149.57;25.20
2018;07;09;20;00;29.23;61.00;1018.20;0.00;0.00;0.00;0.00;0.00;0.00;24.83;153.97;21.20;130.18;24.07;124.64;25.87;148.08;24.12
2018;07;09;21;00;27.59;70.00;1018.70;0.00;0.00;0.00;0.00;0.00;0.00;0.00;8.90;19.68;129.81;23.48;125.64;26.06;147.41;25.20
2018;07;09;22;00;26.64;77.00;1018.90;0.00;0.00;0.00;0.00;0.00;0.00;0.00;0.00;19.86;133.53;22.96;131.19;26.18;148.50;21.96
2018;07;09;23;00;26.00;82.00;1019.30;0.00;0.00;0.00;0.00;0.00;0.00;0.00;0.00;18.84;136.55;22.41;136.30;26.61;149.97;25.92
2018;07;10;00;00;25.49;85.00;1019.50;0.00;0.00;0.00;0.00;0.00;0.00;0.00;0.00;18.44;141.34;21.82;142.37;27.05;153.09;20.16
2018;07;10;01;00;24.98;88.00;1019.50;0.00;0.00;0.00;0.00;0.00;0.00;0.00;0.00;17.37;145.98;21.07;146.85;26.61;156.90;18.72
2018;07;10;02;00;24.46;91.00;1019.40;0.00;0.00;0.00;0.00;0.00;0.00;0.00;0.00;16.68;147.34;21.30;149.53;26.21;159.08;17.28
2018;07;10;03;00;23.99;93.00;1019.10;0.00;0.00;0.00;0.00;0.00;0.00;0.00;0.00;15.88;147.03;21.18;148.20;24.61;159.44;15.48
2018;07;10;04;00;23.51;96.00;1018.90;0.00;0.00;0.00;0.00;0.00;0.00;0.00;0.00;14.98;144.78;21.49;148.71;22.93;157.86;14.40
2018;07;10;05;00;23.27;96.00;1018.60;0.00;0.00;2.00;0.00;2.00;0.00;0.00;0.00;14.98;144.78;22.57;146.06;22.06;153.85;14.04
2018;07;10;06;00;23.02;97.00;1018.50;0.00;0.00;2.00;0.00;2.00;0.00;0.00;0.00;13.98;145.49;21.98;148.39;20.77;152.10;12.96
2018;07;10;07;00;23.92;92.00;1018.70;0.00;0.00;2.70;9.00;0.00;0.00;13.22;0.89;11.30;142.77;17.07;155.06;23.51;152.65;12.24
2018;07;10;08;00;27.00;77.00;1018.70;0.00;0.00;17.40;58.00;0.00;0.00;48.89;114.81;14.02;138.12;15.88;147.03;23.97;147.26;15.48
2018;07;10;09;00;29.05;66.00;1019.40;0.00;0.00;10.00;6.00;0.00;10.00;53.62;302.60;16.81;136.74;18.44;141.34;23.69;143.65;18.72
2018;07;10;10;00;30.32;60.00;1019.80;0.00;0.00;10.00;0.00;0.00;10.00;53.62;473.48;17.85;131.73;18.63;131.08;22.55;141.48;19.08
2018;07;10;11;00;31.39;55.00;1019.40;0.00;0.00;10.00;0.00;0.00;10.00;53.62;629.23;18.50;127.09;19.47;123.69;20.42;139.29;19.08
2018;07;10;12;00;32.37;50.00;1019.30;0.00;0.00;10.00;0.00;0.00;10.00;53.62;751.16;19.67;124.56;21.49;121.29;20.36;135.00;19.44
2018;07;10;13;00;33.05;47.00;1019.20;0.00;0.00;10.00;0.00;0.00;10.00;53.62;833.93;20.81;127.27;22.77;124.70;19.41;139.51;20.16
2018;07;10;14;00;33.52;45.00;1018.50;0.00;0.00;10.00;0.00;0.00;10.00;53.62;867.75;21.67;131.63;24.12;127.72;19.58;147.77;19.80
2018;07;10;15;00;33.73;44.00;1017.80;0.00;0.00;10.00;0.00;0.00;10.00;53.62;849.95;23.18;133.11;27.00;126.87;20.63;150.75;20.88
2018;07;10;16;00;33.62;45.00;1017.10;0.00;0.00;10.00;0.00;0.00;10.00;53.62;788.54;24.70;133.23;29.02;127.44;22.38;152.20;22.68
2018;07;10;17;00;33.20;46.00;1016.50;0.00;0.00;10.00;0.00;0.00;10.00;53.62;679.96;24.95;135.00;29.69;129.09;24.01;156.12;23.40
2018;07;10;18;00;32.48;49.00;1016.20;0.00;0.00;10.00;0.00;0.00;10.00;53.62;532.22;24.70;136.77;29.09;130.99;25.54;158.50;23.04
2018;07;10;19;00;31.36;53.00;1016.40;0.00;0.00;10.00;0.00;0.00;10.00;53.62;342.65;24.22;138.01;28.02;132.92;26.07;162.32;23.76
2018;07;10;20;00;29.74;60.00;1016.60;0.00;0.00;0.00;0.00;0.00;0.00;24.68;149.52;22.96;138.81;26.98;135.00;25.96;163.07;26.28
2018;07;10;21;00;28.18;69.00;1017.20;0.00;0.00;0.00;0.00;0.00;0.00;0.00;8.90;21.20;139.82;25.74;137.83;24.93;162.35;27.72
2018;07;10;22;00;27.31;75.00;1017.40;0.00;0.00;0.90;3.00;0.00;0.00;0.00;0.00;21.18;144.69;25.28;144.27;25.17;163.38;26.64
2018;07;10;23;00;26.70;79.00;1017.60;0.00;0.00;0.90;3.00;0.00;0.00;0.00;0.00;21.12;150.38;25.46;151.26;25.85;167.12;26.28
2018;07;11;00;00;26.14;83.00;1017.80;0.00;0.00;0.90;3.00;0.00;0.00;0.00;0.00;20.62;155.22;26.61;156.90;27.05;170.04;29.52
2018;07;11;01;00;25.60;85.00;1017.50;0.00;0.00;0.90;3.00;0.00;0.00;0.00;0.00;20.06;158.96;26.98;161.32;28.27;173.42;29.52
2018;07;11;02;00;25.06;88.00;1017.30;0.00;0.00;1.80;6.00;0.00;0.00;0.00;0.00;19.47;160.56;26.65;163.52;28.55;174.94;27.00
2018;07;11;03;00;24.53;91.00;1016.70;0.00;0.00;3.30;11.00;0.00;0.00;0.00;0.00;19.01;161.22;26.90;164.48;28.91;175.00;28.44
2018;07;11;04;00;24.08;94.00;1016.30;0.00;0.00;9.90;33.00;0.00;0.00;0.00;0.00;19.01;161.22;27.35;163.95;28.94;174.29;28.80
2018;07;11;05;00;23.68;96.00;1015.90;0.00;0.00;19.80;66.00;0.00;0.00;0.00;0.00;18.67;160.87;27.45;163.23;28.71;172.07;29.16
2018;07;11;06;00;23.51;96.00;1015.80;0.00;0.00;30.00;100.00;0.00;0.00;0.00;0.00;18.79;159.83;27.10;163.01;28.95;169.25;19.08
2018;07;11;07;00;22.90;96.00;1016.60;0.00;0.00;0.00;0.00;0.00;0.00;13.18;0.00;14.59;164.25;24.99;168.37;26.63;166.72;18.00
2018;07;11;08;00;26.08;80.00;1016.80;0.00;0.00;0.00;0.00;0.00;0.00;60.00;103.24;16.39;160.77;21.13;166.20;26.42;162.55;24.48
2018;07;11;09;00;28.79;67.00;1017.00;0.00;0.00;0.00;0.00;0.00;0.00;60.00;303.49;18.79;159.83;21.41;163.39;26.42;160.08;21.24
2018;07;11;10;00;30.51;58.00;1016.70;0.00;0.00;0.00;0.00;0.00;0.00;60.00;499.29;18.68;154.92;20.14;155.73;25.87;158.79;21.60
2018;07;11;11;00;32.03;51.00;1016.40;0.00;0.00;0.00;0.00;0.00;0.00;60.00;670.17;19.51;150.12;21.37;147.38;26.30;160.82;21.96
2018;07;11;12;00;33.31;48.00;1016.00;0.00;0.00;0.00;0.00;0.00;0.00;60.00;807.23;22.07;146.31;24.41;142.79;27.55;162.51;23.40
2018;07;11;13;00;34.22;45.00;1015.60;0.00;0.00;0.00;0.00;0.00;0.00;60.00;897.12;23.98;144.16;27.61;140.29;27.09;156.50;24.12
2018;07;11;14;00;34.84;44.00;1014.90;0.00;0.00;0.00;0.00;0.00;0.00;60.00;932.72;26.21;142.82;30.11;138.88;28.75;157.93;25.92
2018;07;11;15;00;34.88;44.00;1014.30;0.00;0.00;10.00;0.00;0.00;10.00;53.62;898.90;27.44;141.93;32.62;137.68;30.42;159.21;24.84
2018;07;11;16;00;34.70;43.00;1013.90;0.00;0.00;0.00;0.00;0.00;0.00;60.00;784.98;28.51;142.70;33.70;139.33;32.22;161.77;25.20
2018;07;11;17;00;34.37;45.00;1013.70;0.00;0.00;0.00;0.00;0.00;0.00;60.00;711.11;28.51;142.70;34.21;139.27;33.83;163.30;27.72
2018;07;11;18;00;33.38;48.00;1013.50;0.00;0.00;8.00;0.00;0.00;8.00;54.89;546.46;28.95;141.56;34.44;138.81;35.21;163.97;29.52
2018;07;11;19;00;31.94;54.00;1013.70;0.00;0.00;0.00;0.00;0.00;0.00;60.00;355.11;29.18;141.01;34.68;138.37;36.10;163.19;31.32
2018;07;11;20;00;29.91;63.00;1014.20;0.00;0.00;0.00;0.00;0.00;0.00;24.51;153.08;28.39;140.66;33.19;139.40;35.29;161.57;32.04
2018;07;11;21;00;28.19;72.00;1014.80;0.00;0.00;0.00;0.00;0.00;0.00;0.00;8.90;26.93;142.06;32.05;141.84;33.93;160.80;32.04
2018;07;11;22;00;27.23;78.00;1015.10;0.00;0.00;0.00;0.00;0.00;0.00;0.00;0.00;26.96;145.89;32.25;146.84;34.73;162.50;32.04
2018;07;11;23;00;26.64;82.00;1015.40;0.00;0.00;0.00;0.00;0.00;0.00;0.00;0.00;26.43;150.64;32.21;152.00;36.41;165.69;34.20
2018;07;12;00;00;26.16;84.00;1015.60;0.00;0.00;0.00;0.00;0.00;0.00;0.00;0.00;25.77;155.22;32.10;156.89;37.84;168.48;34.92
2018;07;12;01;00;25.78;87.00;1015.40;0.00;0.00;0.00;0.00;0.00;0.00;0.00;0.00;25.07;158.96;32.33;161.16;38.65;170.89;34.56
2018;07;12;02;00;25.40;90.00;1015.10;0.00;0.00;0.00;0.00;0.00;0.00;0.00;0.00;24.25;161.83;32.14;164.41;38.80;173.07;34.92
2018;07;12;03;00;25.00;92.00;1014.70;0.00;0.00;0.00;0.00;0.00;0.00;0.00;0.00;23.34;162.96;31.96;165.65;37.94;175.10;32.76
2018;07;12;04;00;24.58;94.00;1014.50;0.00;0.00;0.00;0.00;0.00;0.00;0.00;0.00;22.55;163.30;31.87;166.28;36.47;175.47;30.96
2018;07;12;05;00;24.19;96.00;1014.40;0.00;0.00;0.00;0.00;0.00;0.00;0.00;0.00;21.52;162.47;31.61;165.49;34.35;174.59;29.52
2018;07;12;06;00;23.92;96.00;1014.60;0.00;0.00;17.00;0.00;0.00;17.00;0.00;0.00;20.49;161.57;31.61;165.49;32.60;173.66;22.68
2018;07;12;07;00;23.35;95.00;1015.50;0.00;0.00;4.00;0.00;0.00;4.00;12.20;0.00;17.38;166.83;25.92;170.41;31.43;170.11;24.84
2018;07;12;08;00;25.67;83.00;1015.70;0.00;0.00;2.00;0.00;0.00;2.00;58.72;104.13;18.00;163.74;22.18;166.87;30.22;167.62;27.36
2018;07;12;09;00;28.58;69.00;1016.10;0.00;0.00;0.00;0.00;0.00;0.00;60.00;306.16;19.81;160.91;22.66;162.43;28.64;165.44;25.20
2018;07;12;10;00;30.68;58.00;1016.40;0.00;0.00;0.00;0.00;0.00;0.00;60.00;503.74;20.29;154.80;21.42;155.16;27.69;164.16;24.48
2018;07;12;11;00;32.38;50.00;1016.30;0.00;0.00;0.00;0.00;0.00;0.00;60.00;676.40;21.79;149.20;23.17;147.05;27.35;163.95;24.48
2018;07;12;12;00;33.74;45.00;1016.00;0.00;0.00;0.00;0.00;0.00;0.00;60.00;814.35;23.27;145.08;25.36;141.34;27.16;165.41;24.84
2018;07;12;13;00;34.65;43.00;1015.60;0.00;0.00;0.00;0.00;0.00;0.00;60.00;905.13;25.13;141.98;28.02;137.08;27.61;157.78;25.20
2018;07;12;14;00;35.18;41.00;1015.10;0.00;0.00;0.00;0.00;0.00;0.00;60.00;939.84;27.61;140.29;30.80;134.53;29.35;156.89;26.28
2018;07;12;15;00;35.14;43.00;1014.70;0.00;0.00;0.00;0.00;0.00;0.00;60.00;917.59;29.84;138.42;34.13;133.29;32.39;155.71;28.08
2018;07;12;16;00;34.63;46.00;1014.30;0.00;0.00;0.00;0.00;0.00;0.00;60.00;839.27;31.09;137.82;35.65;133.36;35.10;154.49;29.88
2018;07;12;17;00;33.82;50.00;1014.30;0.00;0.00;0.00;0.00;0.00;0.00;60.00;712.89;31.63;138.69;36.40;134.60;36.45;156.73;30.96
2018;07;12;18;00;32.60;54.00;1014.00;0.00;0.00;2.00;0.00;0.00;2.00;58.72;549.13;31.16;139.69;35.13;135.83;37.06;155.92;32.40
2018;07;12;19;00;31.12;60.00;1014.60;0.00;0.00;1.00;0.00;0.00;1.00;59.36;357.78;30.42;140.28;34.39;137.12;34.62;154.77;33.12
2018;07;12;20;00;29.13;67.00;1015.20;0.00;0.00;0.00;0.00;0.00;0.00;24.31;153.97;28.39;140.66;32.14;138.63;31.88;153.15;32.40
2018;07;12;21;00;27.47;76.00;1015.70;0.00;0.00;0.00;0.00;0.00;0.00;0.00;8.90;26.65;141.58;30.70;140.71;31.72;153.73;32.04
2018;07;12;22;00;26.61;81.00;1016.00;0.00;0.00;0.00;0.00;0.00;0.00;0.00;0.00;26.46;146.09;30.65;146.50;34.18;156.41;31.68
2018;07;12;23;00;26.14;83.00;1016.70;0.00;0.00;10.00;0.00;0.00;10.00;0.00;0.00;26.61;149.97;31.40;151.97;36.91;159.44;35.64
2018;07;13;00;00;25.90;85.00;1017.30;0.00;0.00;22.00;0.00;0.00;22.00;0.00;0.00;26.89;153.78;32.57;156.55;39.73;162.06;35.28
2018;07;13;01;00;25.74;87.00;1017.40;0.00;0.00;0.00;0.00;0.00;0.00;0.00;0.00;26.28;156.60;32.83;158.78;40.26;164.97;28.80
2018;07;13;02;00;25.55;87.00;1017.10;0.00;0.00;0.30;1.00;0.00;0.00;0.00;0.00;26.28;156.60;33.83;159.44;41.13;166.33;27.36
2018;07;13;03;00;25.31;88.00;1016.50;0.00;0.00;1.20;4.00;0.00;0.00;0.00;0.00;25.41;159.25;33.36;161.76;39.83;170.11;28.08
2018;07;13;04;00;24.96;89.00;1015.90;0.00;0.00;3.00;6.00;3.00;0.00;0.00;0.00;23.93;158.84;32.45;162.57;38.24;171.34;31.68
2018;07;13;05;00;24.68;90.00;1015.70;0.00;0.00;56.00;11.00;56.00;0.00;0.00;0.00;22.74;156.68;31.65;160.74;36.64;169.24;24.48
2018;07;13;06;00;24.52;90.00;1015.90;0.00;0.00;74.00;38.00;74.00;0.00;0.00;0.00;21.90;154.70;30.76;159.44;34.93;165.68;23.40
2018;07;13;07;00;24.40;90.00;1017.00;0.00;0.00;11.40;38.00;9.00;0.00;10.81;0.00;17.56;164.54;26.28;170.54;34.32;167.28;19.44
2018;07;13;08;00;27.23;75.00;1017.00;0.00;0.00;17.70;59.00;15.00;0.00;48.70;111.25;20.66;157.46;26.76;160.35;35.53;160.46;22.68
2018;07;13;09;00;29.40;64.00;1017.60;0.00;0.00;57.00;100.00;57.00;0.00;23.62;296.37;23.47;159.34;27.10;160.60;31.65;160.74;25.92
2018;07;13;10;00;30.79;57.00;1017.50;0.00;0.00;100.00;100.00;100.00;0.00;0.00;436.99;24.07;158.04;26.47;157.62;32.69;163.36;27.00
2018;07;13;11;00;31.93;52.00;1017.10;0.00;0.00;100.00;100.00;100.00;0.00;0.00;564.26;24.63;153.06;27.06;151.39;33.09;165.51;27.00
2018;07;13;12;00;32.86;49.00;1017.10;0.00;0.00;100.00;100.00;100.00;0.00;0.00;663.94;25.66;145.86;28.80;143.13;33.29;158.43;26.64
2018;07;13;13;00;33.43;49.00;1016.70;0.00;0.00;95.00;100.00;95.00;10.00;0.00;745.82;26.87;140.98;31.09;137.82;32.04;152.57;25.92
2018;07;13;14;00;33.91;47.00;1016.50;0.00;0.00;71.00;100.00;71.00;10.00;14.68;781.42;28.04;138.12;31.82;135.46;32.70;151.74;26.64
2018;07;13;15;00;34.02;47.00;1016.20;0.00;0.00;58.00;100.00;58.00;10.00;22.98;780.53;29.28;136.49;33.86;133.71;34.34;150.48;28.08
2018;07;13;16;00;33.78;48.00;1015.90;0.00;0.00;30.00;100.00;25.00;0.00;40.85;745.82;31.06;135.00;34.92;132.08;37.17;148.47;25.92
2018;07;13;17;00;33.30;49.00;1015.80;0.00;0.00;25.50;85.00;0.00;0.00;43.72;674.62;32.07;135.00;36.20;131.78;39.03;150.12;30.60
2018;07;13;18;00;32.26;53.00;1015.40;0.00;0.00;4.80;16.00;0.00;0.00;56.94;539.34;32.85;136.33;36.42;133.00;41.80;149.46;32.76
2018;07;13;19;00;30.90;58.00;1015.60;0.00;0.00;2.70;9.00;0.00;0.00;58.28;362.23;32.38;138.15;36.40;135.40;43.72;149.85;34.56
2018;07;13;20;00;29.10;66.00;1016.10;0.00;0.00;10.00;9.00;0.00;10.00;21.54;162.87;31.39;139.18;35.46;138.70;43.36;150.67;36.00
2018;07;13;21;00;27.53;74.00;1016.50;0.00;0.00;0.60;2.00;0.00;0.00;0.00;10.68;30.03;142.31;34.80;140.88;41.55;152.10;34.56
2018;07;13;22;00;26.79;78.00;1017.30;0.00;0.00;0.00;0.00;0.00;0.00;0.00;0.00;29.16;147.09;33.96;147.99;41.51;158.11;35.28
2018;07;13;23;00;26.38;81.00;1017.80;0.00;0.00;0.00;0.00;0.00;0.00;0.00;0.00;27.53;152.76;31.73;155.18;41.10;162.68;34.92
2018;07;14;00;00;26.16;83.00;1018.20;0.00;0.00;0.00;0.00;0.00;0.00;0.00;0.00;26.28;156.60;30.76;159.44;41.93;164.05;33.84
2018;07;14;01;00;25.91;85.00;1018.00;0.00;0.00;0.00;0.00;0.00;0.00;0.00;0.00;24.94;159.73;29.94;161.78;41.65;165.48;32.76
2018;07;14;02;00;25.55;87.00;1017.30;0.00;0.00;0.00;0.00;0.00;0.00;0.00;0.00;23.45;162.12;29.78;165.29;42.08;169.65;32.04
2018;07;14;03;00;25.22;89.00;1016.70;0.00;0.00;0.00;0.00;0.00;0.00;0.00;0.00;23.57;161.29;30.17;162.65;41.73;169.56;25.92
2018;07;14;04;00;24.96;90.00;1016.10;0.00;0.00;0.00;0.00;0.00;0.00;0.00;0.00;23.26;158.20;31.22;159.06;41.66;167.52;25.20
2018;07;14;05;00;24.80;91.00;1015.90;0.00;0.00;0.00;0.00;0.00;0.00;0.00;0.00;24.68;156.80;35.90;158.84;44.97;165.63;26.28
2018;07;14;06;00;24.62;91.00;1016.20;0.00;0.00;0.00;0.00;0.00;0.00;0.00;0.00;23.87;156.91;32.96;158.20;42.35;165.73;30.60
2018;07;14;07;00;24.07;92.00;1016.10;0.00;0.00;0.00;0.00;0.00;0.00;11.85;0.00;20.38;162.53;27.16;165.41;38.36;174.08;23.40
2018;07;14;08;00;26.47;79.00;1016.20;0.00;0.00;0.00;0.00;0.00;0.00;60.00;98.79;23.47;159.34;27.78;161.10;39.92;172.75;26.28
2018;07;14;09;00;28.92;67.00;1016.90;0.00;0.00;0.00;0.00;0.00;0.00;60.00;298.15;26.41;154.13;28.89;149.28;37.99;167.41;30.24
2018;07;14;10;00;30.66;59.00;1017.20;0.00;0.00;0.00;0.00;0.00;0.00;60.00;493.95;27.91;149.80;34.46;147.80;41.74;167.04;31.68
2018;07;14;11;00;32.05;54.00;1017.00;0.00;0.00;0.60;2.00;0.00;0.00;59.62;655.93;27.78;148.78;31.75;147.03;38.29;170.80;30.96
2018;07;14;12;00;33.37;50.00;1017.00;0.00;0.00;0.00;0.00;0.00;0.00;60.00;799.22;29.17;144.54;32.55;141.74;37.37;166.63;30.60
2018;07;14;13;00;34.15;48.00;1016.70;0.00;0.00;10.00;0.00;0.00;10.00;53.62;885.55;30.53;142.18;35.43;137.88;37.72;156.37;30.60
2018;07;14;14;00;34.70;46.00;1015.80;0.00;0.00;0.00;0.00;0.00;0.00;60.00;911.36;31.77;141.44;36.71;138.18;39.91;158.29;32.04
2018;07;14;15;00;34.90;45.00;1015.10;0.00;0.00;0.00;0.00;0.00;0.00;60.00;908.69;32.78;141.24;37.73;138.09;41.22;160.62;33.84
2018;07;14;16;00;34.66;45.00;1014.80;0.00;0.00;1.00;0.00;0.00;1.00;59.36;823.25;33.85;141.91;39.01;138.37;43.83;162.31;34.92
2018;07;14;17;00;34.05;47.00;1014.40;0.00;0.00;0.00;0.00;0.00;0.00;60.00;708.44;34.70;143.01;40.30;138.62;46.48;163.81;36.00
2018;07;14;18;00;32.83;52.00;1014.30;0.00;0.00;10.00;0.00;0.00;10.00;53.62;534.00;35.28;143.71;41.44;140.64;49.60;164.85;37.80
2018;07;14;19;00;31.35;58.00;1014.50;0.00;0.00;0.00;0.00;0.00;0.00;60.00;347.99;35.07;144.19;41.55;142.04;52.30;166.06;38.88
2018;07;14;20;00;29.46;66.00;1015.40;0.00;0.00;0.00;0.00;0.00;0.00;23.87;150.41;33.45;145.97;40.05;144.88;52.91;170.60;38.16
2018;07;14;21;00;27.97;74.00;1015.50;0.00;0.00;0.00;0.00;0.00;0.00;0.00;8.01;32.36;147.72;39.76;148.32;53.88;174.63;38.16
2018;07;14;22;00;27.22;78.00;1016.00;0.00;0.00;0.00;0.00;0.00;0.00;0.00;0.00;32.06;151.13;39.77;153.67;55.94;175.94;38.16
2018;07;14;23;00;26.76;81.00;1016.40;0.00;0.00;5.00;0.00;0.00;5.00;0.00;0.00;31.73;155.18;40.38;158.01;57.17;174.22;38.16
2018;07;15;00;00;26.43;84.00;1016.50;0.00;0.00;15.00;3.00;0.00;15.00;0.00;0.00;30.68;157.95;40.08;160.59;56.10;174.11;39.60
2018;07;15;01;00;26.14;87.00;1016.50;0.00;0.00;9.60;32.00;0.00;0.00;0.00;0.00;29.96;159.61;39.73;162.06;54.53;175.46;38.88
2018;07;15;02;00;25.79;89.00;1016.00;0.00;0.00;11.10;37.00;0.00;0.00;0.00;0.00;29.04;160.44;38.83;162.74;54.12;176.19;37.44
2018;07;15;03;00;25.47;91.00;1015.40;0.00;0.00;11.70;39.00;0.00;0.00;0.00;0.00;28.24;160.64;38.72;163.25;53.43;175.75;36.72
2018;07;15;04;00;25.19;92.00;1015.10;0.00;0.00;9.60;32.00;0.00;0.00;0.00;0.00;27.56;160.14;38.28;163.61;52.71;175.69;35.28
2018;07;15;05;00;24.90;92.00;1014.70;0.00;0.00;4.00;1.00;0.00;4.00;0.00;0.00;27.10;160.60;38.77;164.93;52.26;177.24;32.04
2018;07;15;06;00;24.56;94.00;1014.60;0.00;0.00;6.00;0.00;0.00;6.00;0.00;0.00;27.10;160.60;38.52;164.28;52.59;178.04;36.72
2018;07;15;07;00;24.29;96.00;1015.10;0.00;0.00;12.60;42.00;0.00;1.00;9.87;0.00;23.34;160.17;31.08;161.77;47.83;173.52;33.12
2018;07;15;08;00;26.65;83.00;1015.40;0.00;0.00;11.40;38.00;0.00;1.00;52.72;110.36;24.82;160.51;29.83;162.44;47.43;173.90;34.56
2018;07;15;09;00;29.34;69.00;1015.80;0.00;0.00;9.90;33.00;0.00;0.00;53.68;310.61;28.12;161.33;31.88;161.57;47.11;173.42;34.20
2018;07;15;10;00;31.42;56.00;1016.10;0.00;0.00;7.80;26.00;0.00;0.00;55.02;499.29;29.50;160.02;32.70;159.37;46.75;173.37;36.00
2018;07;15;11;00;32.94;49.00;1015.80;0.00;0.00;1.50;5.00;0.00;0.00;59.04;662.16;30.89;158.82;33.85;156.16;47.36;174.77;37.08
2018;07;15;12;00;34.23;45.00;1015.60;0.00;0.00;0.00;0.00;0.00;0.00;60.00;800.11;31.40;154.90;33.99;151.53;47.25;176.51;37.80
2018;07;15;13;00;35.14;43.00;1015.20;0.00;0.00;0.00;0.00;0.00;0.00;60.00;899.79;32.38;151.44;36.34;146.31;44.28;167.32;38.16
2018;07;15;14;00;35.64;43.00;1014.70;0.00;0.00;0.00;0.00;0.00;0.00;60.00;935.39;33.96;147.99;38.38;143.78;45.66;165.85;38.52
2018;07;15;15;00;35.73;44.00;1014.30;0.00;0.00;0.00;0.00;0.00;0.00;60.00;913.14;34.85;146.80;40.83;142.52;47.33;166.81;38.52
2018;07;15;16;00;35.42;46.00;1013.80;0.00;0.00;6.00;0.00;0.00;6.00;56.17;833.93;35.55;146.15;42.70;143.23;49.60;166.57;38.52
2018;07;15;17;00;34.82;47.00;1013.40;0.00;0.00;0.00;0.00;0.00;0.00;60.00;709.33;36.04;145.99;43.78;143.70;51.47;168.30;39.60
2018;07;15;18;00;33.74;50.00;1013.20;0.00;0.00;19.00;0.00;0.00;19.00;47.87;545.57;36.04;145.99;43.15;144.85;52.69;172.15;39.96
2018;07;15;19;00;32.14;55.00;1013.30;0.00;0.00;10.00;0.00;0.00;10.00;53.62;355.11;35.55;146.15;43.44;145.12;53.91;174.25;39.96
2018;07;15;20;00;29.96;64.00;1013.90;0.00;0.00;8.00;0.00;0.00;8.00;21.60;153.08;33.95;145.80;41.24;146.03;53.41;172.25;39.96
2018;07;15;21;00;28.26;74.00;1014.50;0.00;0.00;0.00;0.00;0.00;0.00;0.00;8.01;32.36;147.72;39.35;147.33;53.32;170.28;38.52
2018;07;15;22;00;27.42;80.00;1015.10;0.00;0.00;0.00;0.00;0.00;0.00;0.00;0.00;31.26;151.07;38.50;151.52;53.21;171.05;40.32
2018;07;15;23;00;26.90;84.00;1015.50;0.00;0.00;0.00;0.00;0.00;0.00;0.00;0.00;30.60;154.94;38.67;155.82;52.80;171.37;39.96
2018;07;16;00;00;26.54;87.00;1015.90;0.00;0.00;4.00;0.00;0.00;4.00;0.00;0.00;29.55;157.81;38.39;159.70;52.56;170.54;38.16
2018;07;16;01;00;26.27;89.00;1015.70;0.00;0.00;5.00;0.00;0.00;5.00;0.00;0.00;28.15;159.02;37.68;161.05;52.53;168.54;39.60
2018;07;16;02;00;26.35;89.00;1015.50;0.00;0.00;100.00;0.00;0.00;100.00;0.00;0.00;27.35;159.18;36.43;161.57;51.75;168.77;38.88
2018;07;16;03;00;26.49;89.00;1015.30;0.00;0.00;78.00;0.00;0.00;78.00;0.00;0.00;27.22;159.89;37.11;161.92;51.08;170.67;37.80
2018;07;16;04;00;26.57;88.00;1015.00;0.00;0.00;100.00;0.00;0.00;100.00;0.00;0.00;27.22;159.89;36.55;162.81;50.81;172.67;33.84
2018;07;16;05;00;26.44;88.00;1014.70;0.00;0.00;100.00;0.00;0.00;100.00;0.00;0.00;26.21;159.08;35.52;162.30;50.46;172.62;37.44
2018;07;16;06;00;26.29;89.00;1014.60;0.00;0.00;100.00;0.00;0.00;100.00;0.00;0.00;26.00;158.05;34.61;161.19;49.60;170.81;34.56
2018;07;16;07;00;24.32;96.00;1015.20;0.00;0.00;2.00;2.00;2.00;2.00;10.71;0.00;24.63;164.74;33.27;166.87;50.01;170.47;36.72
2018;07;16;08;00;26.44;84.00;1015.40;0.00;0.00;3.00;3.00;3.00;2.00;58.09;109.47;25.67;165.38;30.93;167.91;49.90;171.29;37.08
2018;07;16;09;00;29.13;70.00;1015.80;0.00;0.00;1.00;1.00;1.00;0.00;59.36;310.61;27.16;165.41;31.44;166.76;48.77;171.51;35.28
2018;07;16;10;00;31.29;56.00;1015.90;0.00;0.00;3.00;3.00;3.00;0.00;58.09;501.07;28.93;163.37;31.80;164.23;47.71;171.32;35.28
2018;07;16;11;00;32.98;47.00;1015.60;0.00;0.00;3.00;3.00;3.00;0.00;58.09;663.05;29.62;159.36;31.96;157.48;45.93;170.98;35.64
2018;07;16;12;00;34.32;42.00;1015.70;0.00;0.00;23.00;40.00;23.00;0.00;45.32;792.10;29.63;154.06;31.80;149.37;43.09;170.38;34.56
2018;07;16;13;00;35.12;41.00;1015.20;0.00;0.00;37.00;45.00;37.00;0.00;36.38;872.20;30.57;147.99;34.42;142.65;39.96;161.08;34.56
2018;07;16;14;00;35.50;41.00;1015.00;0.00;0.00;19.00;37.00;19.00;0.00;47.87;903.35;31.90;143.26;37.25;138.92;39.33;156.25;33.84
2018;07;16;15;00;35.49;41.00;1014.50;0.00;0.00;0.30;1.00;0.00;0.00;59.81;887.33;32.73;140.36;38.71;136.51;40.28;155.73;34.56
2018;07;16;16;00;35.07;44.00;1014.10;0.00;0.00;0.00;0.00;0.00;0.00;60.00;827.70;33.43;138.93;39.72;136.47;42.02;154.09;35.28
2018;07;16;17;00;34.27;46.00;1013.90;0.00;0.00;8.00;0.00;0.00;8.00;54.89;712.89;33.66;138.47;39.71;135.73;42.69;155.60;36.36
2018;07;16;18;00;32.98;49.00;1013.80;0.00;0.00;3.00;0.00;0.00;3.00;58.09;548.24;33.93;138.87;38.71;136.51;42.18;158.47;38.16
2018;07;16;19;00;31.29;55.00;1014.20;0.00;0.00;2.00;0.00;0.00;2.00;58.72;357.78;32.68;139.47;37.69;136.55;41.46;159.68;38.52
2018;07;16;20;00;29.01;64.00;1014.70;0.00;0.00;15.00;0.00;0.00;15.00;19.61;154.86;31.21;140.62;34.63;136.68;40.58;158.67;37.44
2018;07;16;21;00;27.22;74.00;1015.60;0.00;0.00;0.00;0.00;0.00;0.00;0.00;8.01;29.30;142.99;33.19;139.40;40.85;157.73;35.64
2018;07;16;22;00;26.39;79.00;1016.20;0.00;0.00;0.00;0.00;0.00;0.00;0.00;0.00;28.36;146.92;32.85;145.27;42.05;158.93;34.56
2018;07;16;23;00;25.93;82.00;1016.60;0.00;0.00;0.00;0.00;0.00;0.00;0.00;0.00;27.06;151.39;31.58;151.39;43.17;163.53;37.80
2018;07;17;00;00;25.57;85.00;1017.00;0.00;0.00;0.00;0.00;0.00;0.00;0.00;0.00;25.62;155.96;30.63;156.45;43.70;168.60;36.36
2018;07;17;01;00;25.23;88.00;1016.90;0.00;0.00;0.00;0.00;0.00;0.00;0.00;0.00;24.40;158.36;30.17;160.48;43.63;171.94;34.92
2018;07;17;02;00;24.83;91.00;1016.60;0.00;0.00;0.00;0.00;0.00;0.00;0.00;0.00;23.34;160.17;30.52;162.85;42.46;172.69;34.92
2018;07;17;03;00;24.47;94.00;1016.20;0.00;0.00;0.00;0.00;0.00;0.00;0.00;0.00;22.77;161.57;31.35;164.69;41.71;173.06;34.56
2018;07;17;04;00;24.19;96.00;1015.90;0.00;0.00;4.00;0.00;0.00;4.00;0.00;0.00;21.97;161.86;31.61;165.49;41.23;174.49;32.04
2018;07;17;05;00;24.08;96.00;1015.60;0.00;0.00;12.00;0.00;0.00;12.00;0.00;0.00;21.86;162.76;32.31;165.81;41.44;177.51;25.56
2018;07;17;06;00;23.98;96.00;1015.70;0.00;0.00;18.00;0.00;0.00;18.00;0.00;0.00;21.52;162.47;31.96;165.65;42.12;180.00;30.24
2018;07;17;07;00;23.69;97.00;1015.90;0.00;0.00;18.00;2.00;0.00;18.00;8.48;0.00;17.81;165.96;25.28;169.33;35.69;177.11;26.64
2018;07;17;08;00;26.26;84.00;1016.10;0.00;0.00;5.00;2.00;0.00;5.00;56.81;107.69;19.65;166.22;23.02;170.10;36.03;177.71;28.08
2018;07;17;09;00;28.81;70.00;1016.20;0.00;0.00;1.80;6.00;0.00;0.00;58.85;308.83;21.31;164.32;23.66;166.81;34.95;177.64;27.72
2018;07;17;10;00;31.05;58.00;1016.80;0.00;0.00;3.60;12.00;0.00;0.00;57.70;497.51;22.21;160.10;23.34;160.17;34.27;176.39;26.64
2018;07;17;11;00;32.78;50.00;1016.70;0.00;0.00;7.80;26.00;0.00;0.00;55.02;658.60;22.70;152.62;23.89;149.18;32.56;174.29;26.64
2018;07;17;12;00;34.15;46.00;1016.80;0.00;0.00;13.50;45.00;0.00;0.00;51.38;784.98;24.07;145.36;25.81;140.09;31.57;172.79;25.92
2018;07;17;13;00;34.96;45.00;1016.40;0.00;0.00;11.40;38.00;0.00;0.00;52.72;866.86;26.09;140.60;29.28;134.50;30.40;161.35;27.72
2018;07;17;14;00;35.37;45.00;1015.70;0.00;0.00;12.00;21.00;0.00;12.00;52.34;900.68;27.78;137.63;31.60;132.23;31.24;154.03;26.28
2018;07;17;15;00;35.43;46.00;1015.50;0.00;0.00;12.00;4.00;0.00;12.00;52.34;883.77;28.27;136.55;33.16;131.48;32.21;154.87;25.92
2018;07;17;16;00;35.00;47.00;1015.10;0.00;0.00;34.00;0.00;0.00;34.00;38.30;788.54;28.79;137.53;33.37;132.81;33.43;157.85;28.44
2018;07;17;17;00;34.25;49.00;1015.00;0.00;0.00;23.00;0.00;0.00;23.00;45.32;591.85;28.82;138.54;33.86;135.43;33.97;164.64;28.44
2018;07;17;18;00;33.33;51.00;1014.50;0.00;0.00;26.00;0.00;0.00;26.00;43.40;526.88;28.62;140.10;33.13;137.64;33.79;165.82;31.68
2018;07;17;19;00;31.71;58.00;1014.60;0.00;0.00;22.00;0.00;0.00;22.00;45.96;355.11;28.23;142.25;32.96;139.87;33.28;164.31;32.76
2018;07;17;20;00;30.19;63.00;1015.40;0.00;0.00;0.00;0.00;0.00;0.00;23.04;153.08;26.14;141.71;31.90;143.26;26.80;149.30;30.24
2018;07;17;21;00;28.58;72.00;1015.20;0.00;0.00;0.00;0.00;0.00;0.00;0.00;7.12;25.36;145.41;32.36;147.72;30.28;151.61;31.68
2018;07;17;22;00;27.73;78.00;1015.30;0.00;0.00;0.00;0.00;0.00;0.00;0.00;0.00;25.32;150.15;32.36;152.86;33.00;153.43;32.04
2018;07;17;23;00;27.19;83.00;1016.20;0.00;0.00;0.00;0.00;0.00;0.00;0.00;0.00;25.62;155.96;33.16;159.01;35.90;158.84;32.40
2018;07;18;00;00;26.71;87.00;1016.50;0.00;0.00;15.00;0.00;0.00;15.00;0.00;0.00;25.52;163.61;33.00;166.12;39.64;166.34;33.48
2018;07;18;01;00;26.32;89.00;1016.50;0.00;0.00;10.00;1.00;0.00;10.00;0.00;0.00;25.63;169.48;33.45;171.96;42.70;174.19;34.20
2018;07;18;02;00;25.94;91.00;1016.30;0.00;0.00;0.90;3.00;0.00;0.00;0.00;0.00;24.65;173.29;32.56;174.29;44.64;180.00;33.48
2018;07;18;03;00;25.53;92.00;1015.70;0.00;0.00;15.30;51.00;0.00;0.00;0.00;0.00;22.78;174.56;29.99;175.18;44.76;184.15;32.04
2018;07;18;04;00;25.13;94.00;1015.40;0.00;0.00;30.00;100.00;0.00;0.00;0.00;0.00;20.96;175.07;28.16;175.60;43.81;186.13;29.88
2018;07;18;05;00;24.69;95.00;1015.10;0.00;0.00;30.00;100.00;0.00;0.00;0.00;0.00;19.56;173.66;26.73;175.36;42.34;185.86;28.08
2018;07;18;06;00;24.42;96.00;1015.50;0.00;0.00;30.00;100.00;0.00;0.00;0.00;0.00;18.53;172.18;24.97;174.21;40.87;185.56;28.80
2018;07;18;07;00;24.17;96.00;1015.50;0.00;0.00;30.00;100.00;0.00;11.00;6.82;0.00;18.23;170.91;25.05;172.57;40.12;185.15;30.60
2018;07;18;08;00;26.67;81.00;1015.20;0.00;0.00;30.00;100.00;0.00;0.00;40.85;98.79;19.35;170.36;23.32;171.12;39.01;184.76;31.32
2018;07;18;09;00;29.24;67.00;1015.50;0.00;0.00;30.00;100.00;0.00;0.00;40.85;278.57;21.67;168.50;24.99;168.37;37.86;183.27;30.96
2018;07;18;10;00;31.62;54.00;1015.20;0.00;0.00;27.00;90.00;0.00;0.00;42.77;467.25;23.05;165.53;25.42;164.39;36.75;182.25;28.44
2018;07;18;11;00;33.62;45.00;1015.10;0.00;0.00;0.00;0.00;0.00;0.00;60.00;661.27;24.36;161.03;26.67;158.63;35.66;181.74;27.72
2018;07;18;12;00;35.25;40.00;1015.20;0.00;0.00;0.00;0.00;0.00;0.00;60.00;809.90;25.77;155.22;28.36;151.16;34.94;181.77;27.72
2018;07;18;13;00;36.17;37.00;1014.70;0.00;0.00;0.30;1.00;0.00;0.00;59.81;885.55;26.93;150.35;30.97;144.46;33.55;176.31;27.36
2018;07;18;14;00;36.69;37.00;1014.10;0.00;0.00;5.00;3.00;0.00;5.00;56.81;910.47;28.47;147.92;33.63;142.39;33.35;166.26;26.64
2018;07;18;15;00;36.78;36.00;1013.20;0.00;0.00;4.00;4.00;0.00;4.00;57.45;891.78;29.96;144.78;36.66;141.78;34.76;164.38;25.92
2018;07;18;16;00;36.41;38.00;1013.00;0.00;0.00;17.00;4.00;1.00;17.00;49.15;820.58;31.26;144.85;38.30;143.02;36.85;165.28;30.24
2018;07;18;17;00;35.71;40.00;1012.90;0.00;0.00;13.00;6.00;1.00;13.00;51.70;704.88;31.85;145.59;40.26;144.46;39.13;167.24;32.40
2018;07;18;18;00;34.52;44.00;1012.60;0.00;0.00;29.00;41.00;2.00;29.00;41.49;548.24;32.15;145.95;40.74;146.17;38.40;173.54;33.48
2018;07;18;19;00;32.86;50.00;1012.70;0.00;0.00;23.00;52.00;7.00;23.00;45.32;362.23;31.26;147.23;39.35;147.33;36.04;177.14;34.20
2018;07;18;20;00;30.53;59.00;1012.90;0.00;0.00;30.00;100.00;13.00;8.00;15.47;162.87;29.70;149.39;37.29;149.23;33.87;177.56;34.20
2018;07;18;21;00;28.60;69.00;1013.10;0.00;0.00;77.00;100.00;77.00;0.00;0.00;9.79;28.50;152.14;36.55;152.43;34.25;176.99;35.28
2018;07;18;22;00;27.80;75.00;1013.30;0.00;0.00;100.00;100.00;100.00;0.00;0.00;0.00;28.36;156.04;36.45;156.73;35.67;177.69;35.64
2018;07;18;23;00;27.33;78.00;1013.50;0.00;0.00;100.00;100.00;100.00;1.00;0.00;0.00;28.36;159.95;37.34;160.87;37.81;178.91;36.72
